Feature,Status,
Homepage,Cinematic hero slider, collections grid, best sellers, brand story, influencer quotes, new arrivals, journal, newsletter,
Navigation,Sticky transparent navbar, mega menus (Clothing/Footwear/Accessories), AI search overlay with suggestions, wishlist/cart/account icons,
Product Listing,Grid layout, category filters, price range slider, size filters, sorting (price/rating/newest), search results,
Product Detail,Image gallery with zoom effect, 360° view toggle, color variants, size selector with availability, Add to Cart/Buy Now, tabs (Description/Details/Reviews), recommended products,
Cart System,Slide-in drawer, quantity controls, remove items, coupon codes (VEZARA20, LUXURY15, WELCOME10, VIP25), live price calculation,
Checkout,3-step flow (Shipping → Payment → Review), shipping methods, payment methods (Card/UPI/PayPal/Apple Pay), order summary,
User Account,Login/Signup modal, dashboard with stats, order history with tracking numbers, wishlist page,
Content Pages,About Us, Blog/Journal, Contact with form, FAQ accordion, Returns & Refunds policy,
Premium UX,Dark/Light mode toggle, GSAP scroll animations, glassmorphism effects, toast notifications, mobile responsive, smooth transitions,
